{
  "models": {
    "continuous": {
      "num_files": 7,
      "monotonic_discrete_sweep": {
        "ordered_median_hz": [
          [
            "down_1",
            622.8387745480115
          ],
          [
            "down_0_5",
            625.9054921654197
          ],
          [
            "center",
            661.9460224186162
          ],
          [
            "up_0_5",
            665.6181757849963
          ],
          [
            "up_1",
            695.1028544421374
          ]
        ],
        "is_monotonic": true
      },
      "continuous_interpolation": {
        "ordered_median_hz": [
          [
            "down_1",
            622.8387745480115
          ],
          [
            "down_0_5",
            625.9054921654197
          ],
          [
            "center",
            661.9460224186162
          ],
          [
            "up_0_25",
            661.7829283991466
          ],
          [
            "up_0_5",
            665.6181757849963
          ],
          [
            "up_0_75",
            679.6209899838146
          ],
          [
            "up_1",
            695.1028544421374
          ]
        ],
        "is_monotonic": false,
        "up_0_25_between_neighbors": false,
        "up_0_75_between_neighbors": true
      }
    },
    "categorical": {
      "num_files": 5,
      "monotonic_discrete_sweep": {
        "ordered_median_hz": [
          [
            "down_1",
            621.1574967312187
          ],
          [
            "down_0_5",
            623.3988541531041
          ],
          [
            "center",
            655.9465103227749
          ],
          [
            "up_0_5",
            659.872195964402
          ],
          [
            "up_1",
            679.5012799142846
          ]
        ],
        "is_monotonic": true
      },
      "continuous_interpolation": {
        "ordered_median_hz": [
          [
            "down_1",
            621.1574967312187
          ],
          [
            "down_0_5",
            623.3988541531041
          ],
          [
            "center",
            655.9465103227749
          ],
          [
            "up_0_5",
            659.872195964402
          ],
          [
            "up_1",
            679.5012799142846
          ]
        ],
        "is_monotonic": true,
        "up_0_25_between_neighbors": null,
        "up_0_75_between_neighbors": null
      }
    }
  }
}
