{
  "models": {
    "continuous": {
      "num_files": 7,
      "monotonic_discrete_sweep": {
        "ordered_median_hz": [
          [
            "down_1",
            598.8931579496498
          ],
          [
            "down_0_5",
            620.757220969052
          ],
          [
            "center",
            75.00494885077673
          ],
          [
            "up_0_5",
            665.8287967193479
          ],
          [
            "up_1",
            699.8442511719692
          ]
        ],
        "is_monotonic": false
      },
      "continuous_interpolation": {
        "ordered_median_hz": [
          [
            "down_1",
            598.8931579496498
          ],
          [
            "down_0_5",
            620.757220969052
          ],
          [
            "center",
            75.00494885077673
          ],
          [
            "up_0_25",
            664.6503861733092
          ],
          [
            "up_0_5",
            665.8287967193479
          ],
          [
            "up_0_75",
            673.9349393962788
          ],
          [
            "up_1",
            699.8442511719692
          ]
        ],
        "is_monotonic": false,
        "up_0_25_between_neighbors": true,
        "up_0_75_between_neighbors": true
      }
    },
    "categorical": {
      "num_files": 5,
      "monotonic_discrete_sweep": {
        "ordered_median_hz": [
          [
            "down_1",
            130.85509581293712
          ],
          [
            "down_0_5",
            610.8756287734345
          ],
          [
            "center",
            525.5060715922472
          ],
          [
            "up_0_5",
            684.0853187259206
          ],
          [
            "up_1",
            691.927507722821
          ]
        ],
        "is_monotonic": false
      },
      "continuous_interpolation": {
        "ordered_median_hz": [
          [
            "down_1",
            130.85509581293712
          ],
          [
            "down_0_5",
            610.8756287734345
          ],
          [
            "center",
            525.5060715922472
          ],
          [
            "up_0_5",
            684.0853187259206
          ],
          [
            "up_1",
            691.927507722821
          ]
        ],
        "is_monotonic": false,
        "up_0_25_between_neighbors": null,
        "up_0_75_between_neighbors": null
      }
    }
  }
}
